Unidade Principal,Subordinação Imediata,Unidade,Atribuições,Normativo
NUCLEO DE APOIO TECNICO AO JUDICIARIO,TRIBUNAL DE JUSTICA DO ESTADO DO CEARA,NUCLEO DE APOIO TECNICO AO JUDICIARIO,"Art. 3º Compete ao NATJUS Saúde Suplementar:
I – elaborar notas técnicas e pareceres técnicos, de natureza informativa, para subsidiar decisões judiciais em demandas relativas à saúde suplementar;

II – apoiar a atividade jurisdicional sem, contudo, vincular o(a) magistrado(a) às conclusões técnicas;

III – promover a interlocução com órgãos e entidades da área de saúde suplementar, como a Agência Nacional de Saúde Suplementar (ANS);

IV – propor parcerias com instituições públicas ou privadas para apoio técnico-científico, respeitada a legislação vigente; e

V – contribuir para a capacitação continuada de magistrados(as) e servidores(as) sobre temas relacionados à saúde suplementar.",RESOLUÇÃO DO ÓRGÃO ESPECIAL Nº 17/2025
COMISSAO ESTADUAL JUDICIARIA DE ADOCAO INTERNACIONAL,TRIBUNAL DE JUSTICA DO ESTADO DO CEARA,COMISSAO ESTADUAL JUDICIARIA DE ADOCAO INTERNACIONAL,"Compete à CEJAI/CE:

I - Habilitação para Adoção Internacional: A CEJAI/CE realiza procedimentos administrativos de habilitação à adoção internacional. Essa habilitação é concedida aos pretendentes estrangeiros que desejam adotar uma criança no âmbito do Estado do Ceará;

II - Análise Criteriosa: A comissão realiza uma análise criteriosa da vida pregressa dos pretendentes, com base em informações como certidões de idoneidade física e mental, bem como avalia sua situação financeira. Esse processo inclui um estudo psicossocial conduzido por profissionais credenciados junto à Autoridade Central Federal de Adoção Internacional, que atuam no país de origem dos pretendentes;

III - Concessão da Habilitação: Após a análise detalhada dos requisitos, a Comissão confere a habilitação para adoção internacional aos pretendentes, permitindo que eles promovam o processo de adoção internacional no Estado do Ceará;

IV - Integração com Autoridades Centrais: A CEJAI/CE faz parte de uma rede de Autoridades Centrais, e sua atuação é coordenada hierarquicamente. Isso inclui a Autoridade Central Administrativa Federal, sediada na Secretaria Especial de Estado dos Direitos Humanos, em Brasília;

V - Vínculo Institucional: A CEJAI/CE está vinculada à Presidência do Tribunal de Justiça do Estado do Ceará;

VI - Orientação para Interessados: A comissão também desempenha um papel importante na orientação de interessados em adoção, habilitando candidatos à adoção.",Lei Estadual n° 13.545/2004
NUCLEO DE DEPOIMENTO ESPECIAL,TRIBUNAL DE JUSTICA DO ESTADO DO CEARA,NUCLEO DE DEPOIMENTO ESPECIAL,"Art. 3º. São atribuições do Núcleo de Depoimento Especial - NUDEPE:

I - promover cursos/seminários para magistrados, servidores, inclusive comissionados, e operadores do Direito, para adequação da atuação nas audiências em que houver necessidade de oitiva de crianças e adolescentes vítimas ou testemunhas de violências, na metodologia do Depoimento Especial, nos moldes da Lei nº 13431/2017;

II - realizar as capacitações em Depoimento Especial e Técnicas de Entrevista Forense, bem como a Formação Continuada dos Entrevistadores Forenses integrantes do cadastro e magistrados, periodicamente, em parceria com a Escola Superior da Magistratura e a Coordenadoria de Educação Corporativa do Tribunal de Justiça do Estado do Ceará;

III - promover encontros intersetoriais com as unidades do Poder Judiciário para aprimorar e unificar os fluxos dos processos judiciais e administrativos, visando uma maior efetividade na realização das audiências e maior celeridade processual;

IV - monitorar a atuação das Centrais de Entrevistadores Forenses - CEFs da capital e do interior do Ceará;

V - monitorar a correta aplicação da Metodologia do Depoimento Especial pelos Entrevistadores Forenses, cadastrados pelo Núcleo de Depoimento Especial;

VI - articular a adequação da estrutura física, do mobiliário e a otimização na utilização dos recursos da Tecnologia da Informação e Comunicação - TIC das salas de audiência e do Depoimento Especial;

VII - promover continuamente uma interlocução com a sociedade, através da divulgação de cartilhas, materiais publicitários e orientações de acesso à justiça;

VIII - criar e manter atualizado o Cadastro de Entrevistadores Forenses, devidamente capacitados em cursos sobre a metodologia do Depoimento Especial;

IX - elaborar, mensalmente, relatórios estatísticos de acompanhamento dos casos submetidos ao Depoimento Especial, declinando a comarca solicitante, a vara, a zona, a data, o entrevistador forense designado, a natureza da ação e o número de vítimas ou testemunhas;

X - promover campanhas de esclarecimento junto aos magistrados e servidores visando a adequação do fluxo processual e das rotinas de acolhimento das partes convocadas ao disposto na Lei nº 13.431/2017;

XI - disponibilizar, através de Portal Eletrônico, redes sociais e e-mail institucional, material pedagógico e divulgação de eventos referentes à Lei nº 13.431/2017;

XII - promover a formação de Grupos de Estudo e Pesquisa voltados ao aprimoramento das técnicas de entrevista forense.",RESOLUÇÃO DO ÓRGÃO ESPECIAL Nº 06/2020
NUCLEO SOCIOAMBIENTAL,TRIBUNAL DE JUSTICA DO ESTADO DO CEARA,NUCLEO SOCIOAMBIENTAL,"Art. 3º Compete ao Núcleo Socioambiental estimular a reflexão e a mudança dos padrões de compra, consumo e gestão documental do Tribunal de Justiça do Estado do Ceará, bem como do seu corpo funcional (magistrados, servidores e estagiários) e da força de trabalho auxiliar (funcionários terceirizados) devendo, para tanto, fomentar ações que estimulem:

I - o aperfeiçoamento contínuo da qualidade do gasto público;

II -  o uso sustentável de recursos naturais e bens públicos;

III -  a redução do impacto negativo das atividades do órgão no meio ambiente com a adequada gestão dos resíduos gerados;

IV - a promoção das contratações sustentáveis;

V - a gestão sustentável de documentos, em conjunto com a unidade responsável;

VI -  a sensibilização e capacitação do corpo funcional, força de trabalho auxiliar e outras partes interessadas; e

VII a qualidade de vida no ambiente de trabalho, em conjunto com a unidade responsável.

§ 1º A adequada gestão dos resíduos gerados deverá promover a coleta seletiva, com estímulo a sua redução, ao reuso e à reciclagem de materiais, e à inclusão socioeconômica dos catadores de resíduos, em consonância com a Política Nacional de Resíduos Sólidos e as limitações do município. Entenda-se por coleta seletiva, a coleta dos resíduos sólidos previamente separados conforme sua constituição ou composição, com destinação ambientalmente adequada.

§ 2º O uso sustentável de recursos naturais e bens públicos deverá ter como objetivos o combate ao desperdício e o consumo consciente de materiais, com destaque para a gestão sustentável de documentos como a implementação de processojudicial eletrônico e a informatização dos processos e procedimentos administrativos.

§ 3º A promoção das contratações sustentáveis deverá observar a integração dos aspectos ambientais, econômicos e sociais do desenvolvimento sustentável.

§ 4º O Núcleo Socioambiental deverá fomentar a inclusão de práticas de sustentabilidade, racionalização e consumo consciente, que compreendem as seguintes etapas:

I -  estudo e levantamento das alternativas à aquisição de produtos e serviços solicitados, considerando:

a) verificação da real necessidade de aquisição do produto e/ou serviço;

b) existência no mercado de alternativas sustentáveis considerando o ciclo de vida do produto;

c) a legislação vigente e as normas técnicas, elaboradas pela ABNT, para aferição e garantia da aplicação dos requisitos mínimos de qualidade, utilidade, resistência e segurança dos materiais utilizados;

d) conformidade dos produtos, insumos e serviços com os regulamentos técnicos pertinentes em vigor, expedidos pelo Inmetro, de forma a assegurar aspectos relativos à saúde, à segurança, ao meio ambiente, ou à proteção do consumidor e da concorrência justa;

e) normas da Anvisa quanto à especificação e classificação, quando for o caso;

f) as Resoluções do CONAMA, no que couber;

g) descarte adequado do produto ao fim de sua vida útil, em observância à Política Nacional de Resíduos Sólidos;

II - especificação ou alteração de especificação já existente do material ou serviço solicitado, observando os critérios e práticas de sustentabilidade, em conjunto com a unidade solicitante;

III -  lançamento ou atualização das especificações no sistema de compras e administração de material da instituição;

IV -  dentre os critérios de consumo consciente, o pedido de material e/ou planejamento anual de aquisições deverão ser baseados na real necessidade de consumo até que a unidade possa atingir o ponto de equilíbrio.

§ 5º O histórico de consumo da unidade deverá ser considerado para monitoramento de dados e poderá ser um dos critérios utilizados no levantamento da real necessidade de consumo.

§ 6º A sensibilização e capacitação do corpo funcional, força de trabalho auxiliar e, quando for o caso, de outras partes interessadas deverão estimular de forma contínua o consumo consciente e a responsabilidade socioambiental no âmbito da instituição.

§ 7º A qualidade de vida no ambiente de trabalho deve compreender a valorização, satisfação e inclusão do capital humano das instituições, em ações que estimulem o seu desenvolvimento pessoal e profissional, assim como a melhoria das condições das instalações físicas.",PORTARIA Nº. 2032/2015
NUCLEO PERMANENTE DE METODOS CONSENSUAIS DE SOLUCAO DE CONFLITOS,TRIBUNAL DE JUSTICA DO ESTADO DO CEARA,NUCLEO PERMANENTE DE METODOS CONSENSUAIS DE SOLUCAO DE CONFLITOS,"Compete ao NUPEMEC:

I – desenvolver a Política Judiciária de tratamento adequado dos conflitos de interesses, estabelecida nesta Resolução;

II – planejar, implementar, manter e aperfeiçoar as ações voltadas ao cumprimento da política e suas metas;

III – atuar na interlocução com outros Tribunais e com os órgãos integrantes da rede mencionada nos arts. 5º e 6º;

IV – instalar Centros Judiciários de Solução de Conflitos e Cidadania que concentrarão a realização das sessões de conciliação e mediação que estejam a cargo de conciliadores e mediadores, dos órgãos por eles abrangidos;

V – incentivar ou promover capacitação, treinamento e atualização permanente de magistrados, servidores, conciliadores e mediadores nos métodos consensuais de solução de conflitos;

VI – propor ao Tribunal a realização de convênios e parcerias com entes públicos e privados para atender aos fins desta Resolução;

VII – criar e manter cadastro de mediadores e conciliadores, de forma a regulamentar o processo de inscrição e de desligamento;

VIII – regulamentar, se for o caso, a remuneração de conciliadores e mediadores, nos termos do art. 169 do Novo Código de Processo Civil combinado com o art. 13 da Lei de Mediação.",Resolução nº 125/2010 do CNJ
COMISSAO PERMANENTE DE ETICA E DISCIPLINA DO PODER JUDICIARIO,TRIBUNAL DE JUSTICA DO ESTADO DO CEARA,COMISSAO PERMANENTE DE ETICA E DISCIPLINA DO PODER JUDICIARIO,"Art. 5º Compete à Comissão Permanente de Ética e Disciplina do Poder Judiciário do Estado do Ceará:

I apurar os processos instaurados pela autoridade competente, observado o disposto no art. 3º desta Resolução;

II emitir relatório circunstanciado e conclusivo quanto à inocência ou à responsabilidade do servidor, após a devida instrução processual, observadas todas as garantias constitucionais e legais, especialmente o contraditório e a ampla defesa, e sugerir a aplicação de sanções, quando couber, observado o disposto no art. 3º desta Resolução;

III encaminhar os autos do processo administrativo, com o relatório circunstanciado e conclusivo, à autoridade competente para o seu julgamento;

IV supervisionar a observância do Código de Divisão e Organização Judiciária do Estado do Ceará, do Estatuto dos Servidores, do Código de Ética e do Regulamento Disciplinar;

V Orientar e recomendar ações que promovam a disciplina e envolvam a ética profissional do servidor, no tratamento com as pessoas e com o patrimônio público;

VI divulgar o Código de Ética e o Regulamento Disciplinar, bem como as ações empreendidas nesse âmbito;

VII informar à Secretaria de Gestão de Pessoas as ocorrências de infrações disciplinares e condutas aéticas dos servidores;

VIII dirimir as dúvidas a respeito da aplicação Código de Ética e do Regulamento Disciplinar;

IX submeter ao Presidente do TJCE sugestões de aprimoramento do Código de Ética, do Regulamento Disciplinar e de normas complementares; X apresentar relatório de atividades ao final da gestão do Presidente do TJCE; e

XI propor programa complementar de prevenção à prática de infrações disciplinares.",RESOLUÇÃO DO ÓRGÃO ESPECIAL Nº 08/2017
COMISSAO DE SEGURANCA PERMANENTE DO PODER JUDICIARIO,TRIBUNAL DE JUSTICA DO ESTADO DO CEARA,COMISSAO DE SEGURANCA PERMANENTE DO PODER JUDICIARIO,"Art. 4º - Compete à Comissão de Segurança Permanente:

I - propor ao Presidente do Tribunal de Justiça e ao Corregedor - Geral de Justiça as diretrizes, medidas e projetos a serem implantadas na área de segurança institucional;

II - manifestar-se sobre questões ligadas à segurança de magistrados, de ofício ou quando solicitado pelo Presidente do Tribunal de Justiça;

III - solicitar às autoridades policiais, civis e militares, no âmbito de suas atribuições, as providências que se fizerem necessárias para assegurar a incolumidade física de magistrados ameaçados ou hostilizados no exercício de suas funções;

IV conhecer e decidir sobre pedidos de proteção especial formulados por magistrados.",RESOLUÇÃO DO ÓRGÃO ESPECIAL Nº 11/2016
CONSELHO DA MAGISTRATURA,TRIBUNAL DE JUSTICA DO ESTADO DO CEARA,CONSELHO DA MAGISTRATURA,"Art. 7°. Compete ainda ao Conselho Superior da Magistratura:

I — propor ao Tribunal Pleno alterações em seu Regimento Interno, por proposta de qualquer de seus membros;

II — exercer a inspeção superior da magistratura de primeiro grau, velando pelo correto cumprimento, pelos magistrados, pelos juízes de paz e pelos servidores da justiça, dos seus deveres e das suas responsabilidades legais;

III — exercer a inspeção dos serviços judiciários, inclusive da Secretaria do Tribunal de Justiça, determinando as medidas de ordem administrativa necessárias à sua instalação e ao seu funcionamento condignos;

IV — fiscalizar o cumprimento, pelos magistrados, dos seus deveres e das suas responsabilidades, velando para que estes:

a) não excedam prazos injustificadamente e não cometam arbitrariedades no exercício de suas funções, ou a pretexto de exercê-las;

b) não pratiquem, no exercício de suas funções, ou fora delas, faltas que comprometam a dignidade do cargo, assim como não freqüentem lugares onde sua presença possa diminuir a confiança pública;

c) exerçam controle permanente sobre os serviços judiciários e sobre as atividades de seus subordinados, especialmente em relação ao cumprimento de prazos e à cobrança de custas e emolumentos judiciais;

d) atendam com urbanidade às partes, aos advogados, aos membros do Ministério Público, aos defensores públicos, às testemunhas e aos colaboradores e servidores da justiça, observando a necessária prontidão nos casos que reclamem solução de urgência;

e) residam nas sedes de suas respectivas comarcas (Art. 93, inciso VII da Constituição Federal), sendo que o juiz auxiliar residirá em Comarca integrante da respectiva zona judiciária;

V – apreciar os pedidos de promoção, remoção voluntária, permuta e reversão de magistrados, encaminhando as decisões, nestes casos, ao Tribunal Pleno, para os fins devidos;

VI — elaborar relação classificada de Juízes de Direito, a ser remetida ao Tribunal Pleno, com base na aferição dos critérios de presteza e segurança no exercício da função jurisdicional, e de freqüência e aproveitamento em cursos reconhecidos de aperfeiçoamento, para fins de promoção por merecimento;

VII — remeter ao Tribunal Pleno as fichas individuais de juízes, para fins de promoção por antigüidade e merecimento;

VIII — manifestar-se, em caráter reservado, sobre a idoneidade moral dos candidatos aprovados em concurso para o provimento de cargo de juiz substituto, para efeito de nomeação;

IX — tomar as providências cabíveis contra juízes que não apliquem, injustificadamente, penas disciplinares a servidores faltosos;

X — organizar um fichário dos magistrados, para efeito de registro das penalidades aplicadas e dos demais elementos que interessem ao levantamento de seu histórico funcional;

XI — autorizar a realização de sessão extraordinária do Tribunal do Júri, quando for o caso, determinando-a, quando o Magistrado não convocar o Tribunal do Júri nos meses previstos em Lei;

XII – aprovar o relatório dos trabalhos de cada semestre, apresentado pelo Presidente, encaminhando-o ao Tribunal Pleno;

XIII — representar, junto ao Tribunal Pleno, sobre a conveniência de remoção de juiz por motivo de interesse público, na forma do disposto no artigo 93, inciso VIII, da Constituição Federal;

XIV — propor ao Tribunal Pleno a recusa à promoção do juiz mais antigo, na hipótese do artigo 93, inciso II, letra d5 da Constituição Federal;

XV — determinar à Corregedoria Geral da Justiça a realização de correições gerais ou parciais, bem como de sindicâncias e inspeções;

XVI — julgar as correições gerais ou parciais, realizadas pelo Corregedor Geral da Justiça ou pelos Juízes Corregedores Auxiliares;

XVII — receber da Corregedoria representação contra magistrado de primeiro grau, após a conclusão da instrução processual e então: decidir por seu arquivamento ou remeter cópia dos autos da representação contra magistrado de primeiro grau ao Tribunal Pleno, para instauração do competente processo administrativo disciplinar, quando apurados fatos que, em tese, ensejem a condenação do envolvido; • Vide art. 53, do Regimento Interno da Corregedoria Geral da Justiça.

XVIII – receber, de qualquer interessado, representação contra magistrado de segundo grau, com firma reconhecida6 , distribuindo-a, preliminarmente, a um dos membros do Conselho, para ouvido o representado, conferindolhe o prazo de 15 (quinze) dias para apresentação de defesa, após o que, por decisão do colegiado, se for o caso, fará o seu encaminhamento ao Tribunal Pleno para instrução e julgamento; (Inciso com redação dada pelo Assento Regimental no. 14, do Pleno do Tribunal de Justiça do estado do Ceará, de 04.08.2005, publicado em 09.08.2005.)

XIX – remeter cópia dos autos de processo disciplinar ao Ministério Público, quando apurados fatos que, em tese, ensejem a condenação judicial do envolvido em ação penal específica, nos termos no disposto na Lei Orgânica da Magistratura Nacional;

XX — receber as representações relativas ao funcionamento da atividade jurisdicional, encaminhando-as à Procuradoria Geral de Justiça, se referentes a órgãos do Ministério Público, ou à secção local da Ordem dos Advogados do Brasil, se relativas a seus inscritos;

XXI — representar, perante à Procuradoria Geral de Justiça, sobre condutas desidiosas ou abusivas de membros do Ministério Público, remetendo-lhe documentos que contenham indícios de responsabilidade civil, administrativa ou penal;

XXII — representar, perante à Ordem dos Advogados do Brasil, sobre condutas abusivas ou ilícitas de advogados, remetendo-lhe documentos que contenham indícios de responsabilidade disciplinar ou penal; XXIII – exercer quaisquer atribuições que lhe forem conferidas por lei ou por deliberação do Tribunal de Justiça.",Regimento Interno
SECAO CRIMINAL,TRIBUNAL DE JUSTICA DO ESTADO DO CEARA,SECAO CRIMINAL,"Art. 18. Compete à Seção Criminal:

I - processar e julgar:

a) habeas corpus criminais, quando o coator ou o paciente for o Comandante-Geral da Polícia Militar, o Comandante-Geral do Corpo de Bombeiros Militar, ou Prefeito; (NR) (Redação dada pelo Assento Regimental nº 02/2017)

b) revisões criminais dos processos de sua competência originária, das câmaras que lhe são vinculadas e dos juízes de 1º grau, excetuando-se a competência das turmas recursais, bem como os recursos das decisões que as indeferirem in limine;

c) embargos de nulidade e infringentes dos julgados;

d) pedidos de desaforamento de julgamento do Tribunal do Júri;

e) pedido de declaração de perda de posto e patente de oficial da Polícia Militar do Estado;

f) perda da graduação de praça da Polícia Militar, quando condenado a pena privativa de liberdade superior a dois anos, pela prática de crime militar ou comum;

g) em instância única, nos termos da legislação militar, processos de indignidade para o oficialato, ou de incompatibilidade, oriundo do Conselho de Justiça;

h) crimes comuns e de responsabilidade, bem assim as exceções que lhes são pertinentes, cometidos por Prefeito, pelo Comandante-Geral da Polícia Militar ou pelo ComandanteGeral do Corpo de Bombeiros Militar; (NR) (Redação dada pelo Assento Regimental nº 02/2017) i) reclamação para preservação de sua competência e garantia da autoridade de suas decisões;

j) (Revogado pelo Assento Regimental nº 24/2025)

l) conflitos de competência entre câmaras criminais ou entre os desembargadores que as integram; (NR) (Redação dada pelo Assento Regimental nº 02/2017)

II - executar, no que couber, suas decisões, podendo delegar à instância inferior a prática de atos não decisórios;

III - propor ao Órgão Especial a homologação de súmulas em matérias de sua competência ou das câmaras que lhe são vinculadas;

IV - exercer outras atividades que lhes forem conferidas em lei ou neste Regimento.",Regimento Interno
ORGAO ESPECIAL,TRIBUNAL DE JUSTICA DO ESTADO DO CEARA,ORGAO ESPECIAL,"Art. 13. Ao Órgão Especial compete:

I - dar posse aos juízes substitutos, organizar e rever, anualmente, a lista de antiguidade dos magistrados por classe e entrância, conhecendo das reclamações, para fins de promoção e acesso ao Tribunal de Justiça;

II - decidir sobre remoção e permuta de magistrados e organizar lista tríplice dos juízes, para fins de promoção por merecimento, de entrância para entrância;

III - eleger, dentre os juízes da Capital, os que deverão compor Turma Recursal dos Juizados Especiais e escolher o Coordenador das Turmas Recursais;

IV - aprovar a indicação dos juízes para fins de substituição e auxílio à Presidência, VicePresidência, Corregedoria-Geral de Justiça e ao Tribunal;

V - conceder licença e férias ao Presidente do Tribunal e autorizar seu afastamento, quando o prazo for superior a quinze dias;

VI - solicitar, quando cabível, a intervenção federal no Estado, por intermédio do Supremo Tribunal Federal, nos termos da Constituição da República;

VII - homologar os concursos públicos para provimento de cargos na estrutura do Poder Judiciário;

VIII - deliberar sobre:

a) indicação de juiz substituto ao cargo de juiz de direito, na forma da legislação pertinente;

b) perda do cargo de juiz substituto, por maioria absoluta dos membros, na hipótese prevista no inciso I do artigo 95 da Constituição Federal;

c) pedido do Tribunal Regional Eleitoral do Ceará com vistas à concessão de afastamento de magistrados e de servidores para a prestação de serviço exclusivamente à Justiça Eleitoral;

d) liberação de magistrados e servidores para frequentar cursos de treinamento ou aperfeiçoamento;

IX - exercer outras atividades administrativas previstas em lei, especialmente as dispostas no Código de Divisão e Organização Judiciária do Estado do Ceará, no que não houver conflito com as atribuições do Tribunal Pleno estabelecidas neste Regimento;

X - declarar, por voto da maioria absoluta dos membros, a inconstitucionalidade de lei ou ato normativo do Poder Público, nos casos de sua competência originária e nos que, para tal fim, lhe forem remetidos pelos demais órgãos julgadores do Tribunal;

XI - processar e julgar:

a) nos crimes comuns e de responsabilidade, os juízes estaduais, os membros do Ministério Público e da Defensoria Pública, o Vice-Governador e os deputados estaduais, ressalvada a competência da Justiça Eleitoral;

b) nos crimes comuns, os secretários de Estado e o Controlador-Geral de Disciplina, o Controlador e Ouvidor-Geral o Estado, nos termos do artigo 93, parágrafo único, da Constituição Estadual, bem como o Procurador-Geral do Estado, nos termos do artigo 153, § 2º, da Constituição Estadual; (NR) (Redação dada pelo Assento Regimental nº 02/2017)

c) mandados de segurança e habeas data contra atos do Governador do Estado; da Mesa e Presidência da Assembleia Legislativa; do próprio Tribunal ou de algum de seus órgãos; dos secretários de Estado; do Tribunal de Contas do Estado ou de algum de seus órgãos; dos diretores dos Fóruns, no exercício de suas atribuições administrativas; do ProcuradorGeral de Justiça, no exercício de suas atribuições administrativas, ou na qualidade de presidente dos órgãos colegiados do Ministério Público; do Procurador-Geral do Estado; do Chefe da Casa Militar; do Chefe do Gabinete do Governador; do Controlador-Geral de Disciplina; do Controlador e Ouvidor-Geral do Estado ou do Defensor Público-Geral do Estado; (NR) (Redação dada pelo Assento Regimental nº 02/2017)

d) mandados de injunção contra omissão das autoridades referidas na alínea “c” do inciso XI deste artigo;

e) habeas corpus nos processos em que o paciente for juiz estadual, membro do Ministério Público ou da Defensoria Pública;

f) habeas corpus nos processos em que o coator ou o paciente for secretário de Estado; Procurador-Geral de Justiça; Defensor Público-Geral do Estado; Procurador-Geral do Estado; Chefe da Casa Militar; Chefe do Gabinete do Governador; Controlador-Geral de Disciplina; Controlador e Ouvidor-Geral do Estado; Vice-Governador ou deputado estadual; (NR) (Redação dada pelo Assento Regimental nº 02/2017)

g) (Revogado pelo Assento Regimental nº 04/2018)

h) ações diretas de inconstitucionalidade de lei ou ato normativo estadual ou municipal em face da Constituição do Estado do Ceará, ou por omissão de medida necessária para tornar efetiva norma ou princípio dessa Constituição, bem como as ações declaratórias de constitucionalidade de lei ou ato normativo estadual em face da Constituição do Estado do Ceará, e os incidentes de inconstitucionalidade; (NR) (Redação dada pelo Assento Regimental nº 02/2017)

i) exceções da verdade, quando o querelante, por prerrogativa da função, deva ser julgado originariamente pelo Órgão Especial; (NR) (Redação dada pelo Assento Regimental nº 02/2017)

j) representações para intervenção em municípios; (NR) (Redação dada pelo Assento Regimental nº 02/2017)

k) reclamações para preservação de sua competência e garantia da autoridade de suas decisões; (NR) (Redação dada pelo Assento Regimental nº 02/2017)

l) conflitos de competência e de atribuições entre o Órgão Especial e os demais órgãos deste Tribunal; (NR) (Redação dada pelo Assento Regimental nº 02/2017)

m) conflitos de competência e de atribuições entre seus integrantes; (NR) (Redação dada pelo Assento Regimental nº 02/2017)

n) conflitos de competência entre as seções, bem como entre uma seção e a câmara vinculada a outras seções; (NR) (Redação dada pelo Assento Regimental nº 02/2017) o) conflitos de competência entre desembargadores e câmaras vinculadas a diferentes seções; (NR) (Redação dada pelo Assento Regimental nº 02/2017)

p) conflitos de competência entre o Conselho da Magistratura e qualquer órgão julgador do Tribunal; (NR) (Redação dada pelo Assento Regimental nº 02/2017)

q) conflitos de atribuições entre autoridades judiciárias e administrativas, quando for interessado o Tribunal de Justiça, o Governador ou o Poder Legislativo Estadual; (NR) (Redação dada pelo Assento Regimental nº 02/2017)

r) embargos infringentes e de nulidade, opostos a acórdão da Seção Criminal; recursos contra a aplicação das penalidades previstas nos artigos 801 e 802 do Código de Processo Penal, e pedidos de revogação das medidas de segurança que houver aplicado; (NR) (Redação dada pelo Assento Regimental nº 02/2017)

s) ações rescisórias e anulatórias de seus próprios julgados, monocráticos ou colegiados; (NR) (Redação dada pelo Assento Regimental nº 02/2017)

t) reclamações sobre antiguidades dos desembargadores, bem como as exceções de impedimento ou de suspeição interpostas contra estes e contra magistrados convocados; (NR) (Redação dada pelo Assento Regimental nº 02/2017)

u) revisões criminais dos processos de sua competência originária e os recursos das decisões que as indeferirem in limine; (NR) (Redação dada pelo Assento Regimental nº 02/2017)

v) incidentes de assunção de competência (IAC) e incidentes de resolução de demandas repetitivas (IRDR), nos feitos de sua competência originária; (NR) (Redação dada pelo Assento Regimental nº 24/2025)

w) (Revogado pelo Assento Regimental nº 04/2018)

x) (Revogado pelo Assento Regimental nº 04/2018)

y) matérias disciplinares relativas a magistrados, inclusive os recursos interpostos contra as decisões do Corregedor-Geral da Justiça nessa temática. (Incluída pelo Assento Regimental nº 18/2023)

XII - julgar:

a) recursos das decisões do Conselho da Magistratura, das decisões referentes a pedidos de licença, férias, apuração de tempo de serviço e vantagens pessoais formuladas ao Presidente do Tribunal, bem como das decisões administrativas sobre licitações, contratos e alienações;

b) recursos das decisões das comissões encarregadas da realização dos concursos públicos para provimento de cargos na estrutura do Poder Judiciário;

c) recursos de decisões proferidas pelo Corregedor-Geral da Justiça e pelo Diretor do Fórum, bem como daquelas exaradas pelo Presidente do Tribunal, em matéria administrativa, excluídas aquelas relativas a questões disciplinares referentes a delegatários, interinos ou interventores de serventias extrajudiciais, cujo julgamento caberá ao Conselho da Magistratura; (NR) (Redação dada pelo Assento Regimental nº 24/2025)

d) agravos internos contra ato do Presidente e dos relatores nos processos de suas competências;

e) agravos internos contra decisões do Vice-Presidente do Tribunal, nos casos do § 2º do artigo 300 deste Regimento;

XIII - executar, no que couber, suas decisões, podendo delegar à instância inferior a prática de atos não decisórios;

XIV - conceder, em sendo o caso, nas condenações que houver proferido, o livramento e a suspensão condicional da pena estabelecendo as suas condições;

XV - dirimir as dúvidas que lhe forem submetidas, mediante requerimento administrativo, pelo Presidente do Tribunal ou pelos desembargadores, sobre a interpretação e a execução de norma regimental ou a ordem dos processos de sua competência, bem como acerca das competências dos órgãos fracionários do Tribunal;

XVI - apreciar a indicação da Diretoria-Geral da ESMEC; do Desembargador Ouvidor e do Coordenador da Ouvidoria do Tribunal; do Desembargador Supervisor, do Juiz Coordenador e do Diretor do NUPEMEC; do desembargador e do representante do Fórum Clóvis Beviláqua integrantes do Núcleo Socioambiental; dos desembargadores componentes do Conselho Editorial e de Biblioteca; dos desembargadores responsáveis pela Coordenadoria da Infância e Juventude; pela Coordenadoria da Mulher em Situação de Violência Doméstica e Familiar; pela Coordenadoria dos Juizados Especiais e do Juizado do Torcedor e Grandes Eventos; pela Coordenadoria de Segurança e Assistência aos Magistrados; pelo Núcleo Socioambiental; pelo Núcleo de Cooperação Judiciária; bem como do juiz de direito indicado para coordenar a ESMEC e dos juízes de direito da Comarca da Capital para coordenarem a Ouvidoria e o Centro Judiciário de Solução de Conflitos e Cidadania do Fórum Clóvis Beviláqua; (NR) (Redação alterada pelo Assento Regimental nº 20/2023)

XVII - exercer, nos processos de sua competência, as demais funções descritas neste Regimento;

XVIII - editar súmula de matéria de sua competência e homologar as proposições de súmulas dos outros órgãos deste Tribunal. Parágrafo único. Os mandados de segurança, os habeas data, os habeas corpus e os mandados de injunção de competência originária do Tribunal, os incidentes de assunção de competência (IAC) e os incidentes de resolução de demandas repetitivas (IRDR) terão prioridade de tramitação e de julgamento.",Regime Interno
SECAO CRIMINAL,TRIBUNAL DE JUSTICA DO ESTADO DO CEARA,SECAO CRIMINAL,"Art. 18. Compete à Seção Criminal:

I - processar e julgar:

a) habeas corpus criminais, quando o coator ou o paciente for o Comandante-Geral da Polícia Militar, o Comandante-Geral do Corpo de Bombeiros Militar, ou Prefeito; (NR) (Redação dada pelo Assento Regimental nº 02/2017)

b) revisões criminais dos processos de sua competência originária, das câmaras que lhe são vinculadas e dos juízes de 1º grau, excetuando-se a competência das turmas recursais, bem como os recursos das decisões que as indeferirem in limine;

c) embargos de nulidade e infringentes dos julgados;

d) pedidos de desaforamento de julgamento do Tribunal do Júri;

e) pedido de declaração de perda de posto e patente de oficial da Polícia Militar do Estado;

f) perda da graduação de praça da Polícia Militar, quando condenado a pena privativa de liberdade superior a dois anos, pela prática de crime militar ou comum;

g) em instância única, nos termos da legislação militar, processos de indignidade para o oficialato, ou de incompatibilidade, oriundo do Conselho de Justiça;

h) crimes comuns e de responsabilidade, bem assim as exceções que lhes são pertinentes, cometidos por Prefeito, pelo Comandante-Geral da Polícia Militar ou pelo ComandanteGeral do Corpo de Bombeiros Militar; (NR) (Redação dada pelo Assento Regimental nº 02/2017)

i) reclamação para preservação de sua competência e garantia da autoridade de suas decisões;

j) (Revogado pelo Assento Regimental nº 24/2025)

l) conflitos de competência entre câmaras criminais ou entre os desembargadores que as integram; (NR) (Redação dada pelo Assento Regimental nº 02/2017)

II - executar, no que couber, suas decisões, podendo delegar à instância inferior a prática de atos não decisórios;

III - propor ao Órgão Especial a homologação de súmulas em matérias de sua competência ou das câmaras que lhe são vinculadas;

IV - exercer outras atividades que lhes forem conferidas em lei ou neste Regimento.",Regime Interno
SECAO DE DIREITO PRIVADO,TRIBUNAL DE JUSTICA DO ESTADO DO CEARA,SECAO DE DIREITO PRIVADO,"Art. 16. A Seção de Direito Privado é formada pelos integrantes das câmaras de direito privado, competindo-lhe:

I - processar e julgar:

a) ações rescisórias e anulatórias de seus próprios julgados, monocráticos ou colegiados, bem como ações rescisórias e anulatórias de julgados monocráticos ou colegiados das extintas Câmaras Cíveis Reunidas, que se enquadrem no conceito de matéria de direito privado, consoante as normas deste Regimento; (NR) (Redação dada pelo Assento Regimental nº 02/2017)

b) recursos das decisões do seu Presidente e de seus integrantes;

c) recurso contra a decisão do relator que indeferir liminarmente a ação anulatória ou, no curso de seu procedimento, causar gravame a qualquer das partes;

d) restauração de autos extraviados ou destruídos em feitos de sua competência;

e) reclamações para a preservação de sua competência e garantia da autoridade de suas decisões;

f) embargos de declaração opostos aos seus acórdãos;

g) (Revogado pelo Assento Regimental nº 24/2025);

h) incidentes de assunção de competência (IAC) e incidentes de resolução de demandas repetitivas (IRDR), nos feitos de sua competência originária e de competência originária e recursal das câmaras que lhe são vinculadas;

i) ações rescisórias dos acórdãos proferidos pelas câmaras de direito privado e das sentenças proferidas nos processos cujos recursos seriam da competência dessas câmaras; (Incluído pelo Assento Regimental nº 02/2017)

j) ações rescisórias de julgados monocráticos ou colegiados das extintas câmaras cíveis isoladas, que se enquadrem no conceito de matéria de direito privado, consoante as normas deste Regimento; (Incluído pelo Assento Regimental nº 02/2017)

k) conflitos de competência entre câmaras de direito privado ou entre os desembargadores que as integram; (Incluído pelo Assento Regimental nº 02/2017)

II - propor ao Órgão Especial a homologação de súmulas em matérias de sua competência ou das câmaras que lhe são vinculadas;

III - executar, no que couber, suas decisões, podendo delegar à instância inferior a prática de atos não decisórios;

IV - exercer outras atividades que lhes forem conferidas em lei ou neste Regimento.",Regimento Interno
SECAO DE DIREITO PUBLICO,TRIBUNAL DE JUSTICA DO ESTADO DO CEARA,SECAO DE DIREITO PUBLICO,"Art. 14. A Seção de Direito Público é formada pelos integrantes das câmaras de direito público, competindo-lhe: I - processar e julgar:

a) habeas corpus cíveis, quando o coator ou o paciente for Comandante-Geral da Polícia Militar; Comandante-Geral do Corpo de Bombeiros Militar e Prefeito;

b) ações rescisórias e anulatórias de seus próprios julgados, monocráticos ou colegiados, bem como ações rescisórias e anulatórias de julgados monocráticos ou colegiados das extintas Câmaras Cíveis Reunidas, que se enquadrem no conceito de matéria de direito público, consoante as normas deste Regimento; (NR) (Redação dada pelo Assento Regimental nº 02/2017);

c) ações rescisórias dos acórdãos proferidos pelas câmaras de direito público e das sentenças proferidas nos processos cujos recursos seriam da competência dessas câmaras; (NR) (Redação dada pelo Assento Regimental nº 02/2017);

d) ações rescisórias de julgados monocráticos ou colegiados das extintas câmaras cíveis isoladas, que se enquadrem no conceito de matéria de direito público, consoante normas deste Regimento; (NR) (Redação dada pelo Assento Regimental nº 02/2017) e) litígios relativos à greve dos servidores públicos estaduais e municipais sujeitos à jurisdição do Tribunal de Justiça; (NR) (Redação dada pelo Assento Regimental nº 02/2017);

f) recursos das decisões do seu Presidente e de seus integrantes; (NR) (Redação dada pelo Assento Regimental nº 02/2017).",Regimento Interno
CORREGEDORIA GERAL DA JUSTICA,TRIBUNAL DE JUSTICA DO ESTADO DO CEARA,CORREGEDORIA GERAL DA JUSTICA,"Art. 13. São ações próprias da Corregedoria:

I - orientar e fiscalizar os serviços judiciais e extrajudiciais em todo o Estado;

II - avaliar o desempenho dos juízes em estágio probatório para o fim de vitaliciamento;

III - fiscalizar as secretarias das unidades judiciárias de primeiro grau, inclusive as secretarias judiciárias de primeiro grau (SEJUDs) e as serventias extrajudiciais; (Redação conferida pelo Assento Regimental Tribunal Pleno nº 03/2022, publicado no DJe de 17/03/2022).

IV - realizar correições e inspeções em comarcas, varas e serventias;

V - editar atos normativos para:

a) instruir autoridades judiciais, servidores do Poder Judiciário, notários e registradores;

b) evitar irregularidades;

c) corrigir erros e coibir abusos com ou sem cominação de pena.

VI - realizar sindicâncias e processos administrativos;

VII - aplicar as penas disciplinares cominadas aos ilícitos administrativos praticados por seus servidores;

VIII - responder a consultas a respeito do correto funcionamento do Poder Judiciário no primeiro grau e das serventias extrajudiciais.",Regimento Interno
TRIBUNAL PLENO,TRIBUNAL DE JUSTICA DO ESTADO DO CEARA,TRIBUNAL PLENO,"Art. 6º. Ao Tribunal Pleno compete:

I - eleger os membros do Tribunal de Justiça e dar-lhes posse;

II - eleger:

a) o Presidente do Tribunal, o Vice-Presidente e o Corregedor-Geral, dando-lhes posse;

b) os membros do Órgão Especial e seus respectivos suplentes, dando-lhes posse em sessão plenária, em qualquer dia útil da última semana do mês de janeiro do ano seguinte ao da eleição, em sessão extraordinária para tal fim especialmente convocada pelo Presidente do Tribunal; (NR) (Redação dada pelo Assento Regimental nº 05/2018)

c) os membros do Conselho da Magistratura e respectivos suplentes;

d) os desembargadores e os juízes efetivos e substitutos do Tribunal Regional Eleitoral, apreciando a recondução, dentre os inscritos na classe dos magistrados do Estado;

III - aprovar o Regimento do Tribunal de Justiça e suas respectivas emendas, mediante assentos;

IV - aprovar o Regimento da Corregedoria-Geral de Justiça, da Escola Superior da Magistratura (ESMEC), do Conselho Superior da Magistratura, das comissões a que alude o artigo 4º deste Regimento e, quando for o caso, dos demais órgãos do Tribunal de Justiça e da Creche-Escola; V - aprovar o Regimento das Turmas Recursais;

VI - apreciar e votar:

a) proposta de orçamento anual para o Poder Judiciário, que será encaminhada aos Poderes Executivo e Legislativo, nos termos da Constituição e da Lei de Diretrizes Orçamentárias;

b) propostas de resoluções dispondo sobre matéria de organização e funcionamento administrativo dos órgãos do Poder Judiciário, aprovando Regulamento Administrativo e suas alterações;

c) propostas e projetos de resoluções que impliquem criação de cargos e funções técnicoadministrativas e auxiliares da Justiça no Quadro de Pessoal do Poder Judiciário, para posterior apreciação pelo Poder Legislativo, na forma estabelecida na Constituição Estadual;

d) planos anuais e plurianuais de atuação do Poder Judiciário;

VII - autorizar o Presidente do Tribunal a:

a) realizar concurso público para provimento de cargos na magistratura e vagas nos cargos técnico-administrativos e de auxiliares da Justiça, aprovando a indicação dos membros integrantes da respectiva Comissão;

b) afastar-se do cargo para viagens em missão oficial, quando o prazo exceder a quinze dias;

VIII - apreciar alteração da estrutura setorial das Unidades Administrativas do Poder Judiciário Estadual e de suas competências;

IX - propor ao Poder Legislativo a fixação dos subsídios dos membros do Tribunal de Justiça e dos juízes de direito e substitutos, assim como os vencimentos dos servidores do Poder Judiciário;

X - formar:

a) listas tríplices para o preenchimento das vagas do Tribunal de Justiça reservadas aos juízes, advogados e membros do Ministério Público;

b) lista a ser encaminhada à Presidência da República para a nomeação de advogados que integrarão o Tribunal Regional Eleitoral;

XI - processar e julgar:

a) reclamação para preservação de sua competência e garantia da autoridade de suas decisões;

b) (Revogado pelo Assento Regimental nº 18/2023)

c) conflitos de competência ou atribuição entre os seus membros, nos processos ou procedimentos de sua competência (NR) (Redação dada pelo Assento Regimental nº 09/2020)

XII - executar, no que couber, suas decisões;

XIII - deliberar sobre remoção, disponibilidade e aposentadoria de magistrados, quando por interesse público, em decisão por voto da maioria absoluta dos membros efetivos;

XIV - reunir-se, em caso de comemoração cívica, de visita oficial de autoridade ou de agraciamento com a Medalha do Mérito Judiciário;

XV - tratar de assuntos especiais, quando as circunstâncias o recomendarem, mediante convocação extraordinária do Presidente do Tribunal ou do Órgão Especial;

XVI - deliberar outros assuntos encaminhados pelo Presidente do Tribunal.",Regimento Interno
ASSISTENCIA MILITAR,TRIBUNAL DE JUSTICA DO ESTADO DO CEARA,ASSISTENCIA MILITAR,"I - Planejar, organizar, coordenar e controlar a segurança pessoal do Chefe do Poder Judiciário Estadual, do Vice-Presidente  do Tribunal de Justiça, do Corregedor-Geral da Justiça, dos magistrados e dos respectivos familiares em situação de risco, a segurança de servidores e dos cidadãos que transitam nos órgãos do Poder Judiciário Estadual, a segurança da informação e a segurança patrimonial e de instalações do Poder Judiciário Estadual, de acordo com as diretrizes do Chefe do Poder Judiciário;
II - Promover as condições precípuas de segurança para possibilitar ao Chefe do Poder Judiciário Estadual, do Vice Presidente do Tribunal de Justiça, do Corregedor-Geral da Justiça, aos magistrados e servidores do Poder Judiciário Estadual o pleno exercício de suas atribuições, e assim disponibilizar à sociedade uma efetiva prestação jurisdicional;
III - Exercer o controle operacional dos policiais militares lotados no Núcleo da 3ª Companhia de Policiamento de Guarda (CPG), subordinado à Coordenadoria do Comando de Policiamento Especializado da Polícia Militar do Ceará, bem como dos bombeiros militares lotados na 8ª Seção de Bombeiros, subordinada ao 1º Grupamento de Bombeiros do Corpo de Bombeiros Militar do Ceará, empregando todo o seu efetivo em missões específicas para garantia da segurança institucional nas unidades do Poder Judiciário localizadas em Fortaleza, bem como em missões específicas à segurança institucional, no interior do Ceará;
IV - Receber autoridades militares e de Segurança Pública que se dirijam ao Chefe do Poder Judiciário;
V - Manter o Chefe do Poder Judiciário informado sobre os assuntos relevantes à temática da segurança;
VI - Zelar pela observância e aplicação das leis, decretos, regulamentos e diretrizes relativas às atividades de segurança institucional;
VII - Exercer controle sobre o pessoal militar à disposição do Chefe do Poder Judiciário;
VIII - Proporcionar o contínuo aperfeiçoamento de seus integrantes para melhoria dos serviços de segurança institucional, bem como a capacitação de militares estaduais e civis que, eventualmente, venham a exercer essa atividade;
IX - Fiscalizar o uso, a conservação e a manutenção dos equipamentos, materiais, armamentos e veículos alocados à Assistência Militar;
X - Coordenar as ações de prevenção e combate a incêndios, atendimento pré-hospitalar de urgência, atividades de prevenção de acidentes e formação de brigadas de incêndio;
XI - Coordenar e fiscalizar as ações desenvolvidas pelo Depósito de Provas Bélicas do Fórum Clóvis Beviláqua, relacionadas ao recolhimento e à custódia de armas atreladas a processos judiciais que tenham sido encaminhadas ao Exército Brasileiro, para destruição;
XII - Desenvolver as ações inerentes à atividade de ajudância de ordens, de modo a:
a) prestar assistência às autoridades para as quais estiver designado pelo Chefe do Poder Judiciário Estadual;
b) transmitir as ordens recebidas da autoridade a que estiver assistindo;
c) acompanhar a autoridade visitante em atos e recepções;
d) coordenar a pauta de audiência, de acordo com a diretriz que lhe foi atribuída pela autoridade a que estiver assistindo;
e) receber as autoridades ou comissões, por ocasião das audiências com o Chefe do Poder Judiciário, encaminhando-as ao local preestabelecido;
f) colaborar na execução da segurança pessoal dos Desembargadores do Tribunal de Justiça do Estado do Ceará, de acordo com critérios do Chefe do Poder Judiciário;
g) comunicar ao Assistente Militar o deslocamento das autoridades a que estiver assistindo, de maneira a permitir a adoção de medidas de segurança na chegada, deslocamento e saída dessas autoridades;
h) zelar pelo bom funcionamento de todos os bens patrimoniais e utensílios dos Gabinetes do Chefe do Poder Judiciário, do Vice-Presidente do Tribunal de Justiça e do Corregedor-Geral da Justiça, fiscalizando quanto às condições seguras de uso;
i) fornecer ao Assistente Militar a mais fácil via de comunicação para contato nas viagens em que acompanhar o Chefe do Poder Judiciário;
j) executar outras atividades correlatas;
XIII - Desenvolver as ações inerentes à atividade de segurança pessoal, de modo a:
a) adotar procedimentos a fim de que as equipes encarregadas da segurança pessoal do Chefe do Poder Judiciário Estadual, do Vice-Presidente do Tribunal de Justiça, do Corregedor-Geral da Justiça, dos magistrados e familiares em situação de risco e demais autoridades designadas estejam sempre prontas a antecipar-se na defesa da integridade física das autoridades, protegendo-as e conduzindo-as a local seguro;
b) organizar e executar o acompanhamento do Chefe do Poder Judiciário Estadual, do Vice-Presidente do Tribunal de Justiça, do Corregedor-Geral da Justiça, dos magistrados e familiares em situação de risco, e demais autoridades designadas pelo primeiro, em todos os seus deslocamentos;
c) assegurar o cumprimento de medidas de segurança pessoal, de modo a proporcionar, em tempo hábil, a proteção do Chefe do Poder Judiciário e de seus familiares em situações anormais ou eventuais;
d) organizar, dirigir e executar os serviços de segurança e proteção pessoal do Chefe do Poder Judiciário Estadual, do Vice-Presidente do Tribunal de Justiça, do Corregedor-Geral da Justiça, e a quem for designado pelo primeiro;
e) controlar e fiscalizar o acesso e circulação de funcionários e visitantes ao Gabinete, bem como nas demais unidades do Poder Judiciário Estadual, nos horários de expediente e durante a permanência do Chefe do Poder Judiciário nas respectivas instalações;
f) executar outras atividades correlatas;

XIV - Desenvolver as ações inerentes à atividade de precursão e planejamento de segurança, de modo a:
a) antecipar-se ao Chefe do Poder Judiciário Estadual, ao Vice-Presidente do Tribunal de Justiça, ao Corregedor-Geral da Justiça e a quem for designado pelo primeiro, nos seus deslocamentos, para examinar os percursos que serão feitos pela respectiva autoridade e propor medidas com vistas a proporcionar a segurança devida;
b) estudar as condições das vias dos itinerários a serem percorridos pelas respectivas autoridades;
c) inspecionar os transportes que serão utilizados pelas autoridades mencionadas na alínea “a” deste inciso e sua comitiva;
d) manter contato com os órgãos de segurança pública da área circunscricional, por ocasião de eventos realizados na capital e no interior do Estado com a participação das autoridades mencionadas na alínea “a” deste inciso, a fim de obter dados de interesse da segurança;
e) adotar medidas a fim de estabelecer a comunicação entre a precursão e o Assistente Militar;
f) manter o Assistente Militar informado sobre os deslocamentos da autoridade;
g) executar o serviço que lhe é pertinente em cooperação com as equipes de ajudância de ordens e de segurança pessoal;
h) planejar, organizar e dirigir as atividades de precursão e o serviço de segurança de área dos eventos aos quais as autoridades comparecerem, interagindo com as demais instituições públicas e/ou privadas eventualmente envolvidas nos eventos;
i) assessorar na execução e supervisão da segurança nos eventos oficiais, quando solicitado pelo Chefe do Poder Judiciário;
j) colher em tempo hábil todos os dados necessários ao planejamento de segurança de eventos sob sua responsabilidade na capital ou no interior do Estado;
k) executar o serviço de precursão, realizando varredura para identificação de dispositivos que possam inferir negativamente para as condições de segurança, bem como verificar as condições de segurança dos locais sugeridos para realização de eventos oficiais, quando solicitado pelo Chefe do Poder Judiciário;
l) planejar, organizar e executar a segurança em eventos de interesse do Poder Judiciário;
m) elaborar estratégias e assessorar na mobilização dos órgãos e entes envolvidos na segurança dos eventos de interesse do Poder Judiciário, quando solicitado;
n) executar outras atividades correlatas;

XV - Desenvolver as ações inerentes à atividade de inteligência, de segurança da informação e de gestão de riscos, de modo a:
a) promover, de modo permanente e sistemático, ações especializadas para identificar, avaliar e acompanhar ameaças reais ou potenciais aos ativos do Poder Judiciário, orientadas à produção e salvaguarda de conhecimentos necessários ao processo decisório no âmbito da segurança institucional do Poder Judiciário Estadual;
b) articular-se com o Sistema Estadual de Inteligência de modo a produzir conhecimentos que apoiem as ações de segurança institucional, proativas e preventivas, no âmbito do Poder Judiciário;
c) identificar riscos e analisar, periodicamente, e em conjunto com integrantes da Assistência Militar previamente designados, sua probabilidade e impacto na segurança institucional do Poder Judiciário;
d) elaborar planos de contenção para evitar e/ou prevenir a ocorrência dos riscos identificados, em conjunto com integrantes da Assistência Militar previamente designados;
e) elaborar, em conjunto com integrantes da Assistência Militar previamente designados, planos de contingência para mitigar os riscos e controlar os danos e prejuízos decorrentes de sua ocorrência, com vistas à manutenção da segurança institucional do Poder Judiciário;
f) monitorar continuamente os riscos identificados de modo a retroalimentar a matriz de riscos, a fim de apoiar a elaboração e a execução dos planos de contenção e de contingência;
g) avaliar as contramedidas adotadas e promover a melhoria contínua das ações de segurança institucional;
h) elaborar medidas de contrainteligência no âmbito do Poder Judiciário do Estado do Ceará e em locais com a presença da Presidência do TJCE;
i) realizar vistoria em imóveis pertencentes ao Poder Judiciário do Estado do Ceará, visando sugerir proposições de melhorias físicas e/ou comportamentais para implemento da segurança de magistrados, servidores e jurisdicionados;
j) analisar ameaças contra magistrados e servidores, indicando medidas de salvaguarda;
k) realizar análise de risco em locais de eventos públicos e/ou solenidades oficiais com a presença do Chefe do Poder Judiciário Estadual, do Vice-Presidente do Tribunal de Justiça, do Corregedor-Geral da Justiça, dentre outras autoridades designadas pelo primeiro;
l) atuar com a Secretaria de Tecnologia da Informação do TJCE no apoio e no suporte da Segurança da Informação e Comunicação;
m) fortalecer a ligação entre os demais órgãos de inteligência do país, respeitando o canal técnico, visando à cooperação na troca de informações e de doutrina, bem como à atualização e à difusão do conhecimento produzido;
n) executar outras atividades correlatas;

XVI - Desenvolver as ações inerentes à atividade de gestão de processos e projetos, de modo a:
a) identificar demandas necessárias à melhoria da segurança institucional do Poder Judiciário, bem como submetê-las à apreciação da Comissão de Segurança Permanente, para fins de aprovação e priorização de projetos e ações;
b) elaborar e gerenciar os projetos aprovados pela Comissão de Segurança Permanente, com foco em soluções que agreguem valor à segurança institucional do Poder Judiciário;
c) promover a melhoria dos processos inerentes à segurança institucional do Poder Judiciário, em conformidade com a Política Nacional de Segurança Institucional preconizada pelo Conselho Nacional de Justiça;
d) executar outras atividades correlatas;
XVII - Intermediar a cooperação técnica e operacional entre os órgãos de segurança pública e o Poder Judiciário do Estado do Ceará, bem como propor instrumentos de cooperação técnica com as organizações que compõem o sistema de justiça criminal, com órgãos assemelhados encarregados da segurança institucional, com órgãos de inteligência nacionais e internacionais e com outras instituições, no que se refere às questões de segurança institucional;

XVIII - Desenvolver a doutrina de segurança do Poder Judiciário orientada à proteção de membros e servidores, às situações de emergência, ao planejamento de contingência, à gestão de riscos, à investigação de incidentes, dentre outros assuntos relacionados à segurança;
XIX - Desenvolver uma cultura de inovação para a área de segurança institucional do Poder Judiciário, inclusive promovendo estudos, intercâmbio com outras instituições nacionais e internacionais, avaliações e aplicações de novas tecnologias, táticas, técnicas e procedimentos de segurança;

XX - Promover a conscientização dos integrantes do Poder Judiciário Estadual quanto à importância da segurança institucional;

XXI - Apoiar magistrados, servidores e familiares em assuntos relacionados a órgãos externos ao Poder Judiciário Estadual, conforme priorização de demandas e capacidade operacional de atendimento; e

XXII - Propor a atualização e o aprimoramento periódico da Política de Segurança Institucional e do Plano de Segurança Institucional do Poder Judiciário do Estado do Ceará.",RESOLUÇÃO DO ÓRGÃO ESPECIAL Nº 23/2017
SECRETARIA-GERAL JUDICIARIA,TRIBUNAL DE JUSTICA DO ESTADO DO CEARA,SECRETARIA-GERAL JUDICIARIA,"A Secretaria-Geral do Tribunal de Justiça é o órgão ao qual incumbe exercer, além das funções de secretariado do Tribunal Pleno, do Órgão Especial e do Conselho da Magistratura, as atribuições de gerenciamento superior das demais unidades administrativas do Poder Judiciário que não sejam diretamente supervisionadas pelo Presidente, pelo Vice-Presidente, pelo Corregedor-Geral da Justiça, Desembargadores e Juízes.","LEI N.º 15.833, DE 27.07.15 (D.O. 30.07.15)"
32303,,32303,"I – Auxiliar nas atividades do Comitê Gestor do Processo Judicial Eletrônico do Poder Judiciário do Estado do Ceará, inclusive nas informações relativas às regras de negócio do sistema;
II – Realizar a homologação negocial de fluxos, correções e novas versões do sistema PJe, antes de serem disponibilizadas aos usuários;
III – Propor a adequação do PJe aos requisitos legais e às necessidades e peculiaridades do Poder Judiciário do Estado do Ceará;
IV – Orientar a abertura de demandas por meio do software JIRA/CNJ, mantido pelo Conselho Nacional de Justiça, solicitando a correção de problemas ou evolução do PJe.
V – Orientar a parametrização de fluxos do sistema para utilização do PJe no âmbito do Poder Judiciário do Estado do Ceará, conforme as diretrizes do Comitê Gestor do Processo Judicial Eletrônico;
VI - Elaborar e manter, juntamente à gestão do sistema, a Política de Acesso ao PJe;
VII - Gerenciar o cadastro de usuários(as), suas contas e permissões de acesso ao sistema, conforme diretrizes da Política de Acesso ao PJe;
VIII - Gerenciar o suporte aos(às) usuários(as), inclusive criando meios de controle e aperfeiçoamento de atendimento das demandas;
IX - Prestar suporte negocial às questões relacionadas aos fluxos e funcionalidades adotados no Processo Judicial Eletrônico;
X - Elaborar e executar ações e projetos, em conjunto com Secretaria de Gestão de Pessoas do TJCE, de capacitação contínua dos(as) usuários(as) do sistema nas respectivas áreas de atuação;
XI - Gerenciar os portais eletrônicos do Processo Judicial Eletrônico na internet e intranet do Tribunal de Justiça do Ceará;
XII - Elaborar, disponibilizar para consulta pelos(as) usuários(as) e manter atualizados, no Processo Judicial Eletrônico na internet e intranet do Tribunal de Justiça do Ceará, manuais e roteiros de utilização, tutoriais e outras informações necessárias à correta utilização da solução de tecnologia da informação ou serviço digital;
XIII - Gerenciar os grupos de trabalho para fins de análise e apresentação de soluções para as questões, problemas e riscos que forem submetidos à apreciação do Comitê Gestor do PJe, bem como necessários ao desenvolvimento, implementação e sustentação do PJe;
XIV - Gerenciar as demandas dos(as) usuários(as) relativas ao sistema, avaliá-las e consolidá-las, definindo a prioridade de atendimento, encaminhando-as à Secretaria de Tecnologia da Informação, com a qual alinhará cronogramas de atendimento;
XV - Receber, discutir e gerar demandas que envolvam a integração do PJe com outros sistemas, internos ou externos, bem como as oriundas de sugestões de usuários(as) e jurisdicionados(as), atribuindo-lhes prioridade de atendimento.",RESOLUÇÃO DO ÓRGÃO ESPECIAL Nº 09/2023
DIRETORIA DE CERIMONIAL,,DIRETORIA DE CERIMONIAL,Sem informações até o momento.,
ASSESSORIA DE PRECATORIOS,,ASSESSORIA DE PRECATORIOS,"I - Monitorar e informar, desde a sua autuação até o seu integral cumprimento, quanto aos incidentes processuais relativos a precatórios, petições que lhes digam respeito, inclusive pedidos de intervenção, agravos, mandados de segurança, reclamações constitucionais e correicionais;
II - Prestar informações e atender as partes sobre contas nos processos;
III - Elaborar mensalmente relatório de estatística dos precatórios recebidos e respectivos encaminhamentos e cumprimentos;
IV - Elaborar os cálculos de atualização de precatórios e requisições de pequeno valor em trâmite sob o acompanhamento desta Corte Estadual, bem como as parcelas relativas ao regime especial de pagamento de precatórios e seus desdobramentos;
V - Cumprir qualquer outra determinação judicial relativa a precatório;
VI - Realizar a análise dos processos administrativos de precatórios, de cobrança de valores dos entes públicos, dos processos incidentes quanto ao pagamento da parcela prioritária, dos pedidos de sequestros, dos agravos e das impugnações apresentadas pelas partes, produzindo pareceres e minutas que se fizerem necessários;
VII - Acompanhar o processamento das requisições de pagamento, independentemente do regime; VIII - Prestar assistência especializada à Presidência do Tribunal de Justiça, ao Juiz Auxiliar ou a quem for delegada competência para o processamento das requisições de pagamento;
IX -Realizar a análise jurídica dos novos Precatórios e das Requisições de Pequeno Valor (RPV), quanto à sua regular expedição, apresentados por meio do sistema eletrônico utilizado para seu envio à Presidência do Tribunal;
X - Analisar, previamente, Precatórios e Requisições de Pequeno Valor (RPV), para aferir sua regularidade;
XI - Elaborar informações técnicas e certidões relativas às requisições de pagamento em trâmite e aos respectivos incidentes;
XII - Acompanhar os processos inseridos nos regimes especial e comum; e
XIII - Realizar outras atividades correlatas.",RESOLUÇÃO DO ÓRGÃO ESPECIAL Nº 23/2017
ASSESSORIA DE COMUNICACAO SOCIAL,TRIBUNAL DE JUSTICA DO ESTADO DO CEARA,ASSESSORIA DE COMUNICACAO SOCIAL,"Art. 26. Compete à Assessoria de Comunicação Social, dentre outras atribuições:

I - divulgar atos, ações e decisões do Poder Judiciário Estadual;

II    - prestar apoio aos meios de comunicação social na obtenção de informações;

III  - acompanhar, quando necessário, desembargadores, juízes e servidores do Poder Judiciário do Estado do Ceará em eventos, entrevistas e afins;

IV  - elaborar clippings, contendo as matérias de interesse da Justiça Estadual;  V - manter atualizados os informativos, inclusive eletrônicos, do Tribunal;

VI  – desenvolver campanhas institucionais e colaborar nesse sentido com os diversos órgãos do Poder Judiciário;

VII    – exercer o controle de qualidade da informação das ações institucionais veiculadas nos meios de comunicação do Tribunal, bem como propor melhorias no layout e nas formas e modos de comunicação do Poder Judiciário.

§ 1º A Assessoria de Comunicação Social será composta por assistentes de  apoio técnico com formação superior na área de Comunicação Social, Jornalismo, Publicidade, Propaganda ou Marketing.

§ 2º O cargo de Chefe da Assessoria de Comunicação Social será ocupado mediante nomeação, em comissão, pela Presidência do Tribunal de Justiça, por profissional de ilibada reputação e reconhecida competência técnica, graduado em Comunicação Social.

§ 3º Integra a estrutura da Assessoria de Comunicação Social a Coordenadoria de Apoio Operacional.","LEI N.º 16.208, DE 03.04.17 (D.O. 06.04.17)"
NUCLEO DE APOIO TECNICO AO JUDICIARIO,,NUCLEO DE APOIO TECNICO AO JUDICIARIO,Art.5° RESOLUÇÃO DO ÓRGÃO ESPECIAL N° 01/2020,Art.5° RESOLUÇÃO DO ÓRGÃO ESPECIAL N° 01/2020
UNIDADE DE GERENCIAMENTO DO PROGRAMA DE MODERNIZAÇÃO DO PODER JUDICIÁRIO DO ESTADO DO CEAR,,UNIDADE DE GERENCIAMENTO DO PROGRAMA DE MODERNIZAÇÃO DO PODER JUDICIÁRIO DO ESTADO DO CEAR,"Art. 1º Instituir o Programa de Modernização do Poder Judiciário do Estado do Ceará (Promojud), no intuito de avançar na

implementação da transformação digital do Judiciário cearense, e com vistas a aumentar sua eficiência e a satisfação de seus

usuários.

Parágrafo único. Todas as iniciativas que compõem o Promojud integrarão o portfólio estratégico da instituição.

Art. 2º Criar o Sistema de Governança do Promojud e dispor sobre seu funcionamento.

Art. 3º O Sistema de Governança do Promojud tem os seguintes propósitos:

I - definir o direcionamento estratégico do Promojud, de acordo com o orçamento disponível e alinhado às necessidades

da instituição, conforme o Plano Estratégico vigente;

II - promover o alinhamento com o Poder Executivo Estadual e com a instituição financeira envolvida, no caso de

financiamento por meio de operações de crédito;

III - supervisionar a gestão do programa com foco na eficiência administrativa, no cumprimento dos objetivos e metas

definidos;

IV - atender ao regramento específico do financiamento, em especial o contrato de empréstimo ou equivalente;

V - envolver as partes interessadas;

VI - acompanhar a execução do Promojud, monitorando as iniciativas previstas no âmbito do programa;

VII - gerenciar os riscos do programa;

VIII - auditar e avaliar a gestão e o controle do programa; e

IX - promover a prestação de contas, a responsabilização pelos resultados dos trabalhos e a transparência.

Art. 4º Os integrantes do Sistema de Governança do Promojud estão organizados nos níveis estratégico, tático e operacional,

conforme disposto na figura do Anexo I.

Art. 5º São integrantes do nível estratégico, cujas principais atribuições estão descritas no Anexo II:

I - Presidência do TJCE;

II - 02 (dois) patrocinadores de componentes, magistrados indicados pela Presidência do TJCE, sendo 01 (um) voltado para

projetos nas áreas fim (Componente 1 Transformação digital no aprimoramento dos serviços à população); e o outro voltado

para projetos nas áreas meio (Componente 2 Transformação digital para fortalecimento da governança e da gestão); e

III - 01 (um) patrocinador geral, representante da alta administração do TJCE.

Parágrafo único. Em nível estratégico, o acompanhamento da execução do Promojud se dará no âmbito das reuniões dos

Comitês Executivos do TJCE (Resolução nº 11/2018).

Art. 6º O nível tático do Sistema de Governança do Promojud é formado pela Unidade de Gerenciamento do Programa

(UGP), composta pelos integrantes que seguem, e cujas principais atribuições estão descritas no Anexo II:

I - 01 (um) Coordenador geral, servidor efetivo com dedicação exclusiva;

II - 01 (um) Coordenador contábil e financeiro, servidor efetivo com dedicação parcial;

III - Coordenadores de monitoramento e avaliação (M&A), servidores efetivos com dedicação parcial, sendo 01 (um) para

cada subprograma definido (conjunto específico de projetos do Promojud);

IV - 01 (um) Coordenador técnico, servidor efetivo com dedicação exclusiva;

V - Assessores de projetos, profissionais contratados com dedicação exclusiva;

VI - Assessores de aquisições sendo, no mínimo, 01 (um) servidor efetivo com dedicação exclusiva e membro da Comissão

de Licitação do TJCE, e havendo a possibilidade de contratação de outros profissionais de mercado; e

VII - Órgãos de cooperação internos ou externos, os quais atuarão em parceria estreita com a UGP, dentre os quais:

a) Consultoria Jurídica do TJCE;

b) Comissão de Licitação do TJCE;

c) Assessoria de Comunicação do TJCE;

d) Secretaria de Planejamento e Gestão do TJCE;

e) Secretaria de Finanças do TJCE; e

f) Outros órgãos/entes do Governo do Estado do Ceará.

Parágrafo único. Os assessores de projetos previstos no art. 6º, inciso V, serão avaliados periodicamente pela Secretaria de

Planejamento e Gestão (Seplag), conforme disposições da metodologia de gerenciamento de projetos vigente no TJCE.

Art. 7º São integrantes do Sistema de Governança do Promojud, em nível operacional, cujas principais atribuições estão

descritas no Anexo II:

I - Cogestores, representantes da alta administração do TJCE;

II - Líderes técnicos de projetos, servidores efetivos com dedicação parcial; e

III - Equipes dos projetos, formadas por gestores e servidores atuantes nas áreas de negócio correlatas, em regime de

dedicação parcial ou exclusiva (a depender do projeto).

Art. 8º Os procedimentos para a operacionalização das atribuições dos Coordenadores de monitoramento e avaliação,

Assessores de projetos, Cogestores (art. 6º, incisos III, V e VI, respectivamente) e Líderes técnicos de projetos (art. 7º, inciso

II) terão como base a metodologia de gerenciamento de projetos vigente no TJCE, e serão implantados, mantidos e divulgados

pela Secretaria de Planejamento e Gestão (Seplag), com o apoio da UGP.

Art. 9º Esta Resolução entra em vigor na data de sua publicação",RESOLUÇÃO DO ÓRGÃO ESPECIAL Nº 09/2021
SECRETARIA DE AUDITORIA INTERNA,,SECRETARIA DE AUDITORIA INTERNA,CAPÍTULO III DA COMPOSIÇÃO E DAS COMPETÊNCIAS DA SECRETARIA,RESOLUÇÃO DO ÓRGÃO ESPECIAL Nº 23/2023
CONSULTORIA JURIDICA,TRIBUNAL DE JUSTICA DO ESTADO DO CEARA,CONSULTORIA JURIDICA,"Art. 7º Ao Núcleo de Governança da CONJUR compete:

I – desenvolver as atividades de organização, direção e controle dos processos recebidos pela Consultoria Jurídica da Presidência;

II – acompanhar treinamentos e capacitações de servidores(as) sobre temas de governança, compliance, legislação aplicável e contratações públicas, fortalecendo a cultura de governança na Administração Pública;

III – gerir as pessoas lotadas na Consultoria Jurídica;

IV – zelar pela guarda, uso e conservação dos materiais e bens patrimoniais colocados à disposição da Consultoria Jurídica, requerendo o suprimento de materiais necessários à execução das tarefas de sua área de atuação;

V – manter um diálogo com os órgãos de controle interno, assegurando a prestação de informações e a transparência das ações da unidade;

VI – gerar relatórios e executar as ações que, por necessidade ou determinação legal, deles decorram; e

VII – incentivar e disseminar boas práticas de governança e integridade, fortalecendo a confiança da sociedade nas instituições públicas.

Art. 8º Cabe à Assessoria de Consultas:

I – examinar processos administrativos sob sua competência, verificando a legalidade e a adequação dos pedidos em relação às normas aplicáveis;

II – produzir pareceres jurídicos que fundamentem as respostas às consultas, considerando a legislação vigente, a jurisprudência, a doutrina aplicável e os normativos internos do TJCE;

III – interpretar as normas internas e externas, sobre a matéria tratada no âmbito da sua esfera de atuação, sugerindo a correta aplicação daquelas aos casos concretos; e

IV – elaborar relatórios sobre a situação dos processos pertinentes à Assessoria de Consultas e suas implicações jurídicas para a Administração.

Art. 9º São atribuições da Assessoria de Contratações:

I – auxiliar os fiscais e gestores de contratos a dirimir dúvidas e subsidiá-los com informações relevantes para prevenir riscos na execução contratual, nos termos do art. 117, § 3º, da Lei Federal nº 14.133/2021;

II – revisar e emitir pareceres sobre os editais de licitação, verificando a legalidade e a conformidade do processo de contratação com a Lei Federal nº 14.133, de 1º de abril de 2021, e demais normas aplicáveis;

III – emitir pareceres sobre recursos interpostos por interessadas no processo licitatório, avaliando a admissibilidade e a legalidade dos argumentos, auxiliando a autoridade competente;

IV – emitir pareceres sobre a legalidade de alterações contratuais requeridas por gestores(as) de contratos, verificando se cumprem as hipóteses das normas aplicáveis;

V – analisar os casos em que as licitações poderão ser dispensadas ou consideradas inexigíveis, conforme os arts. 74 e 75 da Lei Federal nº 14.133/2021, elaborando pareceres fundamentados sobre a adoção desses procedimentos excepcionais;

Art. 10. Além do disposto nos incisos I e III do art. 9º, compete à Assessoria de Contratações do PROMOJUD:

I – emitir pareceres sobre as manifestações de interesse, as solicitações de propostas, os editais, as informações para publicidade de certame em âmbito nacional e internacional, os termos de referência, os projetos básicos e os orçamentos propostos, verificando a legalidade e a conformidade do processo de contratação com as políticas de aquisições e contratações da entidade financiadora, a legislação nacional, os manuais de contratação institucionalizados pela Resolução do Órgão Especial nº 15/2024, de 13 de junho de 2024, as resoluções do Poder Judiciário cearense e demais normas aplicáveis;

II – emitir pareceres sobre a legalidade de alterações contratuais requeridas por gestores de contratos, verificando se respeitam as políticas e regras da entidade financiadora e a normas aplicáveis; e

III – orientar, juridicamente, os agentes ou as comissões de avaliação de propostas técnicas e financeiras dos certames nos programas financiados com recursos externos.

Art. 11. Cabe à Diretoria de Suporte ao Planejamento e de Gerenciamento de Contratações:

I – coordenar, auxiliando as áreas administrativas na elaboração dos processos de contratação de bens e serviços, desde a identificação das necessidades da Administração pelas áreas demandantes até a elaboração de editais e notificações de contratadas, para atendimento às demandas da Diretoria;

II – identificar e analisar riscos nas atividades desenvolvidas na Diretoria, relacionados às contratações, propondo medidas para mitigá-los;

III – orientar às áreas demandantes de contratações acerca dos fluxos inerentes à cadeia de contratações;

IV – auxiliar ao Consultor Jurídico da Presidência, especialmente, nos assuntos pertinentes aos procedimentos desenvolvidos pelas Secretarias Administrativas na fase de planejamento das contratações públicas do Poder Judiciário do Estado do Ceará;

V – dirigir os procedimentos próprios da Diretoria, na fase interna de contratações demandadas pelas áreas administrativas.

Parágrafo único. Fica vedado designar servidor(a) vinculado(a) à Diretoria de Suporte ao Planejamento e de Gerenciamento de Contratações ou a qualquer de suas unidades subordinadas, para integrar a Comissão Permanente de Contratações (COPECON).

Art. 12. Às Gerências de Contratação dispostas no art. 4º, incisos VII, VIII, IX e X, no âmbito de suas respectivas especialidades, compete:

I – prestar suporte às unidades administrativas demandantes durante a etapa de planejamento, inclusive daqueles processos oriundos de contratações com financiamento externo, auxiliando na elaboração dos artefatos das contratações e demais procedimentos inerentes à fase interna;

II – elaborar e revisar editais de licitação, manifestações de interesse e outros atos convocatórios, garantindo clareza e adequação às exigências legais, aos normativos e aos sistemas de processamento;

III – orientar as áreas demandantes, como atribuição inerente a sua função e dever vinculado às atividades de sua rotina, sobre a legislação e os procedimentos relativos às contratações;

IV – identificar e analisar riscos nas atividades desenvolvidas na gerência, relacionados às contratações, propondo medidas para mitigá-los;

V – fornecer informações e prestar esclarecimentos sobre as contratações em fase preparatória, de divulgação do edital de licitação e da recursal;

VI – providenciar notificações de licitantes adjudicatárias e realizar o controle da prestação das garantias previstas no Capítulo II da Lei Federal nº 14.133/2021, exclusivamente na fase prévia de assinatura dos termos originais de contrato, em objetos homologados por ocasião do ato final do procedimento licitatório ou de contratação direta, quando processados no âmbito da Consultoria Jurídica da Presidência;

VII – gerenciar, por meio de indicadores, a efetividade dos modelos padronizados de artefatos e dos manuais de contratações, elaborando relatórios e concluindo por listar melhorias e otimização de escopo, submetendo-os formalmente à Diretoria de Suporte ao Planejamento e de Gerenciamento de Contratações, que submeterá à Diretoria de Normatização, Processamento e Controle de Contratações as propostas de melhorias e otimização listadas;

VIII – disponibilizar, nos autos processuais e em repositório digital, ao Serviço de Apoio em Processos Licitatórios, a integralidade de todos os documentos atualizados, necessários e indispensáveis à publicidade e à transparência conferidas por meio dos portais alimentados por aquela unidade administrativa; e

IX – avaliar a pertinência das sugestões de alterações nos artefatos e manuais de contratações institucionalizados, emitindo parecer analítico a ser submetido pela Diretoria de Suporte ao Planejamento e de Gerenciamento de Contratações à Diretoria de Normatização, Processamento e Controle de Contratações, com o objetivo de que sejam analisadas por esta, em período próprio de postulação e análise.

Art. 13. São atribuições da Diretoria de Normatização, Processamento e Controle de Contratações.

I – apoiar a Consultoria Jurídica da Presidência na elaboração e implementação de planos estratégicos para o gerenciamento de contratações em sua esfera de atuação, alinhando-os aos objetivos institucionais do Poder Judiciário cearense;

II – dar suporte à Consultoria Jurídica da Presidência no desenvolvimento de normas e procedimentos internos de contratação relacionados à macrocadeia de contratações;

III – processar e supervisionar os procedimentos de contratação em fase externa;

IV – propor o controle de documentação padronizada relacionada a licitações, contratos administrativos e congêneres;

V – auxiliar na identificação e na avaliação de riscos associados às contratações nas atividades desenvolvidas pela Diretoria de Normatização, Processamento e Controle de Contratações, propondo medidas para mitigá-los e assegurar a integridade dos processos;

VI – definir, bienalmente, o período próprio de postulação para submissão e análise das sugestões de ajustes em artefatos padronizados e em manuais de contratação institucionalizados;

VII – auxiliar o Consultor Jurídico da Presidência, especialmente, nos assuntos pertinentes à fase de licitação das contratações públicas do Poder Judiciário do Estado do Ceará;

VIII – dirigir os procedimentos próprios das fases de processamento externo das licitações, designadas por meio do art. 17, incisos II a VII, da Lei Federal nº 14.133, de 1º de abril de 2021.

Art. 14. Compete ao Serviço de Apoio em Processos Licitatórios:

I – preparar minutas de documentos destinados à prática de atos administrativos da Diretoria de Normatização, Processamento e Controle de Contratações, com o fim de viabilizar o cumprimento dos requisitos de publicações legais e de avisos e correspondências expedidos;

II – realizar o cadastro de procedimentos licitatórios nos sistemas de processamento de licitações eletrônicas e no sítio eletrônico oficial, do qual trata a Lei de Licitações e Contratos Administrativos;

III – realizar as publicações de editais e avisos, encaminhando-os à imprensa oficial e aos jornais diários de grande circulação;

IV – elaborar, atualizar e disponibilizar relatórios atinentes aos procedimentos licitatórios que estejam em andamento, na CONJUR, e sejam relativos às fases de processamento externo das licitações.

V – receber os processos submetidos às Comissões vinculadas à Diretoria de Normatização, Processamento e Controle de Contratações, registrando e controlando as movimentações realizadas nos autos;

VI – gerenciar os calendários de licitações;

VII – supervisionar as ferramentas de comunicação utilizadas pela COPECON e COPARC;

VIII – manter sob sua guarda o arquivo geral atualizado dos processos licitatórios, as atas e os documentos (físicos ou digitais) das licitações realizadas pela COPECON e das apurações de responsabilidades processadas pela COPARC;

IX – organizar e manter atualizada toda a legislação relativa a licitações e contratos administrativos ou a outras matérias que interessem aos trabalhos da Diretoria de Normatização, Processamento e Controle de Contratações;

X – zelar pela guarda, o uso e a conservação dos materiais e bens patrimoniais colocados à disposição da Diretoria de Normatização, Processamento e Controle de Contratações, requerendo o suprimento de materiais necessários à execução das tarefas de sua área de atuação.

Art. 15. À Coordenadoria Central de Contratos e Congêneres cabe:

I – disponibilizar as minutas de termos de contratos e congêneres, a serem firmados de acordo com a legislação aplicável, especialmente a Lei Federal nº 14.133, de 1º de abril de 2021, e encaminhá-las à Consultoria Jurídica da Presidência do TJCE, atentando para a celeridade processual e a segurança jurídica;

II – realizar o cadastro de informações no Portal TJCE e no sítio eletrônico oficial do qual trata a Lei de Licitações e Contratos Administrativos;

III – disponibilizar as versões finais das minutas de termos de contratos, das atas de registros de preços, dos convênios, dos termos aditivos, dos termos de cessão de uso, dos termos de apostilamento e de documentos congêneres;

IV – processar as solicitações de termos aditivos às contratações vigentes;

V – emitir relatórios e acompanhar a situação dos termos de contratos e congêneres relativa à sua vigência e possibilidade de renovação;

VI – notificar as empresas contratadas, quando solicitado pela área responsável pelo acompanhamento da avença, dando encaminhamentos necessários aos respectivos processos de apuração de responsabilidade;

VII – publicar e manter em sítio eletrônico oficial e no Diário da Justiça Eletrônico Administrativo (DJEA), observados os prazos legais, os atos que autorizam as contratações diretas, os extratos decorrentes dos termos de contrato, as atas de registro de preços, os convênios e seus respectivos aditivos, bem como as penalidades aplicadas às licitantes e contratadas;

VIII – registrar e controlar a vigência dos termos de contratos e congêneres, emitindo comunicação às áreas responsáveis pelo acompanhamento das avenças, visando a que sejam adotadas as providências cabíveis para fins de planejamento de nova contratação, de solicitação de aditivo ou de extinção contratual;

IX – manter arquivo cronológico dos termos de contratos e congêneres, bem como de seus aditivos e demais documentos apresentados à Administração, para a firma contratual;

X – instruir os processos de contratação com despacho e juntada de documentos pertinentes à Central de Contratos e Congêneres;

XI – alimentar os sistemas do Tribunal de Contas do Estado do Ceará (TCE-CE) e do Cadastro Nacional de Empresas Inidôneas e Suspensas (CEIS) com as informações do Tribunal de Justiça do Estado do Ceará, relativamente aos contratos, em sua área de atuação e esfera de competência; e

XII – auxiliar a execução das atividades atinentes à Diretoria de Normatização, Processamento e Controle de Contratações.

Parágrafo único. Excetuam-se das publicações previstas no inciso VII, aquelas oriundas de contratações diretas que dispensem parecer da Consultoria Jurídica da Presidência do TJCE, inclusive notas de empenho em substituição aos instrumentos de contrato, bem como aquelas contratações com pagamentos realizados por meio de cartão institucional, devendo os gestores e os fiscais de contratos atentar para a responsabilidade da divulgação e manutenção da disponibilidade dessas contratações ao público em sítio oficial, o Portal Nacional de Contratações Públicas (PNCP).

Art. 16. As atribuições da Comissão Permanente de Contratação do Poder Judiciário do Estado do Ceará (COPECON) estão definidas na Resolução do Tribunal Pleno nº 02/2021, de 18 de março de 2021, e as competências da Comissão Permanente de Apuração de Responsabilidades Administrativas em Contratações (COPARC) serão definidas em norma própria.",RESOLUÇÃO ÓRGÃO ESPECIAL N° 30/2024
ESCOLA SUPERIOR DA MAGISTRATURA,TRIBUNAL DE JUSTICA DO ESTADO DO CEARA,ESCOLA SUPERIOR DA MAGISTRATURA,"Art. 5° São finalidades da Escola:

I – ofertar formação e aperfeiçoamento para os integrantes do Poder Judiciário do Estado do Ceará;

II – desenvolver atividades de extensão para promover o aprimoramento cultural, profissional e humanístico;

III – incentivar a pesquisa, o debate jurídico e a inovação;

IV – firmar parcerias, estabelecer convênios e acordos de cooperação para o cumprimento de suas finalidades.

Art. 6º Para a consecução dos seus fins, a Escola promoverá cursos:

I – para ingresso na carreira da magistratura;

II – de formação inicial e continuada;

III – de formação de formadores;

IV – de pós-graduação, próprios ou em parceria com universidades e instituições de ensino.

§ 1º A Escola desenvolverá outras ações educacionais, tais como treinamento e capacitação de pessoal, estudos, debates, pesquisas, seminários, congressos, simpósios e encontros pedagógicos, além de atividades culturais.

§ 2º As ações educacionais, com exceção do curso de formação inicial de magistrados, poderão ser ofertadas nas modalidades presencial, semipresencial e à distância, valendo-se das modernas tecnologias da informação e da comunicação, respeitados os limites e credenciamentos exigidos pela legislação.",Regime Interno
TRIBUNAL DE JUSTICA DO ESTADO DO CEARA,,TRIBUNAL DE JUSTICA DO ESTADO DO CEARA,"Art. 2º. Ao Tribunal de Justiça caberá o tratamento de egrégio Tribunal; ao Órgão Especial, o de egrégio Órgão Especial; às Seções de Câmaras de egrégia Seção e a qualquer de suas Câmaras, o de egrégia Câmara. Os desembargadores receberão o tratamento de Excelência, conservando o título e as honras correspondentes, mesmo após a aposentadoria. Parágrafo único. Os integrantes do Tribunal usarão, nas sessões públicas, vestes talares.",Regimento Interno do TJCE
OUVIDORIA DO PODER JUDICIARIO,TRIBUNAL DE JUSTICA DO ESTADO DO CEARA,OUVIDORIA DO PODER JUDICIARIO,"Art. 8º Compete ao/à Ouvidor(a) do Poder Judiciário do Estado do Ceará:

I - planejar, orientar, coordenar e dirigir as atividades da Ouvidoria do Poder Judiciário;

II - zelar pela agilidade e presteza da comunicação entre a sociedade e o Poder Judiciário, além de assegurar o cumprimento das normas relativas ao acesso à informação;

III - determinar o arquivamento das manifestações quando:

a) não tiverem relação com as funções ou atividades desenvolvidas por integrante ou servidor(a) do Poder Judiciário do Estado do Ceará; ou

b) os dados fornecidos pelo(a) usuário(a) forem incompletos de modo que tornem impossível a sua identificação ou a comunicação com este(a);

IV - comunicar imediatamente ao/à Presidente do Tribunal de Justiça e/ou à Corregedoria-Geral de Justiça, quando for o caso, fato funcional ou institucionalmente relevante referente a magistrados(as) de 1º e 2º graus e aos/às servidores(as) lotados(as) naqueles órgãos, do qual venha a tomar conhecimento;

V - comunicar ao/à Juiz/Juíza Diretor(a) do Fórum acerca de conduta funcional comissiva ou omissiva, dolosa ou culposa, que possa configurar ilícito administrativo, de servidor(a) público(a) lotado(a) na Comarca de sua competência;

VI - propor às unidades judiciárias, por meio da Presidência, a adoção de medidas, visando:

a) ao aprimoramento da qualidade, eficiência e economia das atividades desenvolvidas pelo Poder Judiciário;

b) à melhoria da imagem institucional e credibilidade do Poder Judiciário;

VII - promover intercâmbio com entidade pública ou privada que exerça atividades similares, com vistas à consecução dos seus objetivos;

VIII - aprovar o relatório de gestão elaborado pelos(as) servidores(as) e encaminhá-lo anualmente à Presidência do Tribunal de Justiça;

IX - criar novos canais específicos de atendimento da Ouvidoria do Poder Judiciário;

X - propor emendas a esta Resolução.",RESOLUÇÃO DO TRIBUNAL PLENO Nº 19/2023
VICE-PRESIDENCIA,PRESIDENCIA,VICE-PRESIDENCIA,"Art. 21. Compete ao Vice-Presidente do Tribunal:

I – auxiliar o Presidente do Tribunal no exercício de suas atribuições, substituindo-o nas ausências, férias, licenças, suspeições e impedimentos, com a mesma posição hierárquica, bem como da competência jurisdicional e administrativa definidas pelo Código de Divisão e Organização Judiciária do Estado do Ceará e por este Regimento;

II – relatar exceção de suspeição não reconhecida, oposta ao Presidente do Tribunal;

III – (Revogado pelo Assento Regimental nº 21/2024)

IV – colaborar com o Presidente na representação do Tribunal;

V – supervisionar a distribuição dos processos no Tribunal, podendo delegar essa incumbência aos juízes auxiliares da Vice-Presidência; (NR) (Redação dada pelo Assento Regimental nº 21/2024)

VI – deliberar acerca de pedido de desistência de ação, incidente ou recurso, nos feitos ainda não distribuídos, nas hipóteses operacionais que exijam essa atuação; (NR) (Redação dada pelo Assento Regimental nº 21/2024)

VII – despachar, nos termos das leis processuais vigentes, os recursos interpostos de decisões do Tribunal para o Supremo Tribunal Federal e para o Superior Tribunal de Justiça, apreciando-lhes a admissibilidade;

VIII – ordenar a restauração de autos de processos administrativos, quando desaparecidos no Tribunal de Justiça;

IX – exercer as funções administrativas que lhe forem delegadas pela Presidência;

X – apreciar, nos termos das leis processuais vigentes, os pedidos de concessão de efeito suspensivo aos recursos interpostos de decisões do 42 Tribunal para o Supremo Tribunal Federal e para o Superior Tribunal de Justiça.

XI – Organizar o Núcleo de Gerenciamento de Precedentes (NUGEP), supervisionando-o através da Comissão Gestora composta pelos Desembargadores Presidentes das Seções de Direito Público, de Direito Privado e Criminal (Incluído pelo Assento Regimental nº 01/2017.",Regimento Interno
